{
  "kmeans": {
    "optimal_k": 3,
    "method_selection": "Elbow",
    "silhouette_score": 0.141151973227198,
    "inertia": 2638.0779231605684,
    "purity": 0.8181818181818182,
    "cluster_distribution": {
      "0": 103,
      "1": 79,
      "2": 115
    }
  },
  "hierarchical": {
    "best_method": "average",
    "silhouette_score": 0.294831989473638,
    "purity": 0.5420875420875422,
    "cluster_distribution": {
      "0": 295,
      "1": 1,
      "2": 1
    }
  }
}