feature,importance
thal,0.4724881504116535
cp,0.2785293722432062
ca,0.07422561523282618
trestbps,0.05889020571611446
oldpeak,0.05375237461964382
chol,0.043114304821758646
age,0.01899997695479741
exang,0.0
slope,0.0
thalach,0.0
sex,0.0
restecg,0.0
