n_features,rf_accuracy,rf_std,xgb_accuracy,xgb_std
5,0.7874011299435028,0.06320506421955839,0.7606214689265537,0.05817168201179446
8,0.8244632768361582,0.05810140484735324,0.7538418079096045,0.06757251098013804
10,0.8179661016949152,0.035262837571868315,0.804463276836158,0.03264070204198253
12,0.8145762711864407,0.03935895078538667,0.8211864406779661,0.053999596869457316
13,0.8111299435028249,0.04310390135154778,0.8111299435028249,0.04814129564907206
