Model,Baseline_Accuracy,Baseline_F1,GridSearch_CV_Score,GridSearch_Accuracy,GridSearch_F1,GridSearch_Time,RandomSearch_CV_Score,RandomSearch_Accuracy,RandomSearch_F1,RandomSearch_Time
Logistic Regression,0.6166666666666667,0.568523592085236,0.8311170212765957,0.8833333333333333,0.881841432225064,3.8004331588745117,0.8183510638297872,0.85,0.849112925936356,0.2710251808166504
Decision Tree,0.55,0.5323076923076923,0.776241134751773,0.7666666666666667,0.7626666666666667,0.47345423698425293,0.7803191489361703,0.8166666666666667,0.8126089872568746,0.21831488609313965
Random Forest,0.5333333333333333,0.4376068376068376,0.8354609929078014,0.8166666666666667,0.8143222506393861,18.753087997436523,0.8352836879432625,0.8333333333333334,0.8304761904761905,11.47206974029541
SVM,0.0,0.0,0.822695035460993,0.8666666666666667,0.8654600301659126,0.8901660442352295,0.8016843971631206,0.8333333333333334,0.8287037037037037,3.878117561340332
