feature,importance
cp,0.19426629085862535
thal,0.18640312431179298
ca,0.15765885344233233
oldpeak,0.10064201560151778
thalach,0.08195915747776557
slope,0.07185569905440278
exang,0.05572229731985754
age,0.04577297205001135
chol,0.036329734911271
trestbps,0.03550799779360766
sex,0.020248286922539053
restecg,0.013633570256276489
